category,filename
dog,dog_index_1.wav
dog,dog_index_2.wav
dog,dog_index_3.wav
dog,dog_index_4.wav
dog,dog_index_5.wav
dog,dog_index_6.wav
dog,dog_index_7.wav
dog,dog_index_8.wav
dog,dog_index_9.wav
dog,dog_index_10.wav
dog,dog_index_11.wav
dog,dog_index_12.wav
dog,dog_index_13.wav
dog,dog_index_14.wav
dog,dog_index_15.wav
dog,dog_index_16.wav
dog,dog_index_17.wav
dog,dog_index_18.wav
dog,dog_index_19.wav
dog,dog_index_20.wav
dog,dog_index_21.wav
dog,dog_index_22.wav
dog,dog_index_23.wav
dog,dog_index_24.wav
dog,dog_index_25.wav
dog,dog_index_26.wav
dog,dog_index_27.wav
dog,dog_index_28.wav
dog,dog_index_29.wav
dog,dog_index_30.wav
dog,dog_index_31.wav
dog,dog_index_32.wav
dog,dog_index_33.wav
dog,dog_index_34.wav
dog,dog_index_35.wav
dog,dog_index_36.wav
dog,dog_index_37.wav
dog,dog_index_38.wav
dog,dog_index_39.wav
dog,dog_index_40.wav
rooster,rooster_index_1.wav
rooster,rooster_index_2.wav
rooster,rooster_index_3.wav
rooster,rooster_index_4.wav
rooster,rooster_index_5.wav
rooster,rooster_index_6.wav
rooster,rooster_index_7.wav
rooster,rooster_index_8.wav
rooster,rooster_index_9.wav
rooster,rooster_index_10.wav
rooster,rooster_index_11.wav
rooster,rooster_index_12.wav
rooster,rooster_index_13.wav
rooster,rooster_index_14.wav
rooster,rooster_index_15.wav
rooster,rooster_index_16.wav
rooster,rooster_index_17.wav
rooster,rooster_index_18.wav
rooster,rooster_index_19.wav
rooster,rooster_index_20.wav
rooster,rooster_index_21.wav
rooster,rooster_index_22.wav
rooster,rooster_index_23.wav
rooster,rooster_index_24.wav
rooster,rooster_index_25.wav
rooster,rooster_index_26.wav
rooster,rooster_index_27.wav
rooster,rooster_index_28.wav
rooster,rooster_index_29.wav
rooster,rooster_index_30.wav
rooster,rooster_index_31.wav
rooster,rooster_index_32.wav
rooster,rooster_index_33.wav
rooster,rooster_index_34.wav
rooster,rooster_index_35.wav
rooster,rooster_index_36.wav
rooster,rooster_index_37.wav
rooster,rooster_index_38.wav
rooster,rooster_index_39.wav
rooster,rooster_index_40.wav
pig,pig_index_1.wav
pig,pig_index_2.wav
pig,pig_index_3.wav
pig,pig_index_4.wav
pig,pig_index_5.wav
pig,pig_index_6.wav
pig,pig_index_7.wav
pig,pig_index_8.wav
pig,pig_index_9.wav
pig,pig_index_10.wav
pig,pig_index_11.wav
pig,pig_index_12.wav
pig,pig_index_13.wav
pig,pig_index_14.wav
pig,pig_index_15.wav
pig,pig_index_16.wav
pig,pig_index_17.wav
pig,pig_index_18.wav
pig,pig_index_19.wav
pig,pig_index_20.wav
pig,pig_index_21.wav
pig,pig_index_22.wav
pig,pig_index_23.wav
pig,pig_index_24.wav
pig,pig_index_25.wav
pig,pig_index_26.wav
pig,pig_index_27.wav
pig,pig_index_28.wav
pig,pig_index_29.wav
pig,pig_index_30.wav
pig,pig_index_31.wav
pig,pig_index_32.wav
pig,pig_index_33.wav
pig,pig_index_34.wav
pig,pig_index_35.wav
pig,pig_index_36.wav
pig,pig_index_37.wav
pig,pig_index_38.wav
pig,pig_index_39.wav
pig,pig_index_40.wav
cow,cow_index_1.wav
cow,cow_index_2.wav
cow,cow_index_3.wav
cow,cow_index_4.wav
cow,cow_index_5.wav
cow,cow_index_6.wav
cow,cow_index_7.wav
cow,cow_index_8.wav
cow,cow_index_9.wav
cow,cow_index_10.wav
cow,cow_index_11.wav
cow,cow_index_12.wav
cow,cow_index_13.wav
cow,cow_index_14.wav
cow,cow_index_15.wav
cow,cow_index_16.wav
cow,cow_index_17.wav
cow,cow_index_18.wav
cow,cow_index_19.wav
cow,cow_index_20.wav
cow,cow_index_21.wav
cow,cow_index_22.wav
cow,cow_index_23.wav
cow,cow_index_24.wav
cow,cow_index_25.wav
cow,cow_index_26.wav
cow,cow_index_27.wav
cow,cow_index_28.wav
cow,cow_index_29.wav
cow,cow_index_30.wav
cow,cow_index_31.wav
cow,cow_index_32.wav
cow,cow_index_33.wav
cow,cow_index_34.wav
cow,cow_index_35.wav
cow,cow_index_36.wav
cow,cow_index_37.wav
cow,cow_index_38.wav
cow,cow_index_39.wav
cow,cow_index_40.wav
frog,frog_index_1.wav
frog,frog_index_2.wav
frog,frog_index_3.wav
frog,frog_index_4.wav
frog,frog_index_5.wav
frog,frog_index_6.wav
frog,frog_index_7.wav
frog,frog_index_8.wav
frog,frog_index_9.wav
frog,frog_index_10.wav
frog,frog_index_11.wav
frog,frog_index_12.wav
frog,frog_index_13.wav
frog,frog_index_14.wav
frog,frog_index_15.wav
frog,frog_index_16.wav
frog,frog_index_17.wav
frog,frog_index_18.wav
frog,frog_index_19.wav
frog,frog_index_20.wav
frog,frog_index_21.wav
frog,frog_index_22.wav
frog,frog_index_23.wav
frog,frog_index_24.wav
frog,frog_index_25.wav
frog,frog_index_26.wav
frog,frog_index_27.wav
frog,frog_index_28.wav
frog,frog_index_29.wav
frog,frog_index_30.wav
frog,frog_index_31.wav
frog,frog_index_32.wav
frog,frog_index_33.wav
frog,frog_index_34.wav
frog,frog_index_35.wav
frog,frog_index_36.wav
frog,frog_index_37.wav
frog,frog_index_38.wav
frog,frog_index_39.wav
frog,frog_index_40.wav
cat,cat_index_1.wav
cat,cat_index_2.wav
cat,cat_index_3.wav
cat,cat_index_4.wav
cat,cat_index_5.wav
cat,cat_index_6.wav
cat,cat_index_7.wav
cat,cat_index_8.wav
cat,cat_index_9.wav
cat,cat_index_10.wav
cat,cat_index_11.wav
cat,cat_index_12.wav
cat,cat_index_13.wav
cat,cat_index_14.wav
cat,cat_index_15.wav
cat,cat_index_16.wav
cat,cat_index_17.wav
cat,cat_index_18.wav
cat,cat_index_19.wav
cat,cat_index_20.wav
cat,cat_index_21.wav
cat,cat_index_22.wav
cat,cat_index_23.wav
cat,cat_index_24.wav
cat,cat_index_25.wav
cat,cat_index_26.wav
cat,cat_index_27.wav
cat,cat_index_28.wav
cat,cat_index_29.wav
cat,cat_index_30.wav
cat,cat_index_31.wav
cat,cat_index_32.wav
cat,cat_index_33.wav
cat,cat_index_34.wav
cat,cat_index_35.wav
cat,cat_index_36.wav
cat,cat_index_37.wav
cat,cat_index_38.wav
cat,cat_index_39.wav
cat,cat_index_40.wav
hen,hen_index_1.wav
hen,hen_index_2.wav
hen,hen_index_3.wav
hen,hen_index_4.wav
hen,hen_index_5.wav
hen,hen_index_6.wav
hen,hen_index_7.wav
hen,hen_index_8.wav
hen,hen_index_9.wav
hen,hen_index_10.wav
hen,hen_index_11.wav
hen,hen_index_12.wav
hen,hen_index_13.wav
hen,hen_index_14.wav
hen,hen_index_15.wav
hen,hen_index_16.wav
hen,hen_index_17.wav
hen,hen_index_18.wav
hen,hen_index_19.wav
hen,hen_index_20.wav
hen,hen_index_21.wav
hen,hen_index_22.wav
hen,hen_index_23.wav
hen,hen_index_24.wav
hen,hen_index_25.wav
hen,hen_index_26.wav
hen,hen_index_27.wav
hen,hen_index_28.wav
hen,hen_index_29.wav
hen,hen_index_30.wav
hen,hen_index_31.wav
hen,hen_index_32.wav
hen,hen_index_33.wav
hen,hen_index_34.wav
hen,hen_index_35.wav
hen,hen_index_36.wav
hen,hen_index_37.wav
hen,hen_index_38.wav
hen,hen_index_39.wav
hen,hen_index_40.wav
insects,insects_index_1.wav
insects,insects_index_2.wav
insects,insects_index_3.wav
insects,insects_index_4.wav
insects,insects_index_5.wav
insects,insects_index_6.wav
insects,insects_index_7.wav
insects,insects_index_8.wav
insects,insects_index_9.wav
insects,insects_index_10.wav
insects,insects_index_11.wav
insects,insects_index_12.wav
insects,insects_index_13.wav
insects,insects_index_14.wav
insects,insects_index_15.wav
insects,insects_index_16.wav
insects,insects_index_17.wav
insects,insects_index_18.wav
insects,insects_index_19.wav
insects,insects_index_20.wav
insects,insects_index_21.wav
insects,insects_index_22.wav
insects,insects_index_23.wav
insects,insects_index_24.wav
insects,insects_index_25.wav
insects,insects_index_26.wav
insects,insects_index_27.wav
insects,insects_index_28.wav
insects,insects_index_29.wav
insects,insects_index_30.wav
insects,insects_index_31.wav
insects,insects_index_32.wav
insects,insects_index_33.wav
insects,insects_index_34.wav
insects,insects_index_35.wav
insects,insects_index_36.wav
insects,insects_index_37.wav
insects,insects_index_38.wav
insects,insects_index_39.wav
insects,insects_index_40.wav
sheep,sheep_index_1.wav
sheep,sheep_index_2.wav
sheep,sheep_index_3.wav
sheep,sheep_index_4.wav
sheep,sheep_index_5.wav
sheep,sheep_index_6.wav
sheep,sheep_index_7.wav
sheep,sheep_index_8.wav
sheep,sheep_index_9.wav
sheep,sheep_index_10.wav
sheep,sheep_index_11.wav
sheep,sheep_index_12.wav
sheep,sheep_index_13.wav
sheep,sheep_index_14.wav
sheep,sheep_index_15.wav
sheep,sheep_index_16.wav
sheep,sheep_index_17.wav
sheep,sheep_index_18.wav
sheep,sheep_index_19.wav
sheep,sheep_index_20.wav
sheep,sheep_index_21.wav
sheep,sheep_index_22.wav
sheep,sheep_index_23.wav
sheep,sheep_index_24.wav
sheep,sheep_index_25.wav
sheep,sheep_index_26.wav
sheep,sheep_index_27.wav
sheep,sheep_index_28.wav
sheep,sheep_index_29.wav
sheep,sheep_index_30.wav
sheep,sheep_index_31.wav
sheep,sheep_index_32.wav
sheep,sheep_index_33.wav
sheep,sheep_index_34.wav
sheep,sheep_index_35.wav
sheep,sheep_index_36.wav
sheep,sheep_index_37.wav
sheep,sheep_index_38.wav
sheep,sheep_index_39.wav
sheep,sheep_index_40.wav
crow,crow_index_1.wav
crow,crow_index_2.wav
crow,crow_index_3.wav
crow,crow_index_4.wav
crow,crow_index_5.wav
crow,crow_index_6.wav
crow,crow_index_7.wav
crow,crow_index_8.wav
crow,crow_index_9.wav
crow,crow_index_10.wav
crow,crow_index_11.wav
crow,crow_index_12.wav
crow,crow_index_13.wav
crow,crow_index_14.wav
crow,crow_index_15.wav
crow,crow_index_16.wav
crow,crow_index_17.wav
crow,crow_index_18.wav
crow,crow_index_19.wav
crow,crow_index_20.wav
crow,crow_index_21.wav
crow,crow_index_22.wav
crow,crow_index_23.wav
crow,crow_index_24.wav
crow,crow_index_25.wav
crow,crow_index_26.wav
crow,crow_index_27.wav
crow,crow_index_28.wav
crow,crow_index_29.wav
crow,crow_index_30.wav
crow,crow_index_31.wav
crow,crow_index_32.wav
crow,crow_index_33.wav
crow,crow_index_34.wav
crow,crow_index_35.wav
crow,crow_index_36.wav
crow,crow_index_37.wav
crow,crow_index_38.wav
crow,crow_index_39.wav
crow,crow_index_40.wav
rain,rain_index_1.wav
rain,rain_index_2.wav
rain,rain_index_3.wav
rain,rain_index_4.wav
rain,rain_index_5.wav
rain,rain_index_6.wav
rain,rain_index_7.wav
rain,rain_index_8.wav
rain,rain_index_9.wav
rain,rain_index_10.wav
rain,rain_index_11.wav
rain,rain_index_12.wav
rain,rain_index_13.wav
rain,rain_index_14.wav
rain,rain_index_15.wav
rain,rain_index_16.wav
rain,rain_index_17.wav
rain,rain_index_18.wav
rain,rain_index_19.wav
rain,rain_index_20.wav
rain,rain_index_21.wav
rain,rain_index_22.wav
rain,rain_index_23.wav
rain,rain_index_24.wav
rain,rain_index_25.wav
rain,rain_index_26.wav
rain,rain_index_27.wav
rain,rain_index_28.wav
rain,rain_index_29.wav
rain,rain_index_30.wav
rain,rain_index_31.wav
rain,rain_index_32.wav
rain,rain_index_33.wav
rain,rain_index_34.wav
rain,rain_index_35.wav
rain,rain_index_36.wav
rain,rain_index_37.wav
rain,rain_index_38.wav
rain,rain_index_39.wav
rain,rain_index_40.wav
sea_waves,sea_waves_index_1.wav
sea_waves,sea_waves_index_2.wav
sea_waves,sea_waves_index_3.wav
sea_waves,sea_waves_index_4.wav
sea_waves,sea_waves_index_5.wav
sea_waves,sea_waves_index_6.wav
sea_waves,sea_waves_index_7.wav
sea_waves,sea_waves_index_8.wav
sea_waves,sea_waves_index_9.wav
sea_waves,sea_waves_index_10.wav
sea_waves,sea_waves_index_11.wav
sea_waves,sea_waves_index_12.wav
sea_waves,sea_waves_index_13.wav
sea_waves,sea_waves_index_14.wav
sea_waves,sea_waves_index_15.wav
sea_waves,sea_waves_index_16.wav
sea_waves,sea_waves_index_17.wav
sea_waves,sea_waves_index_18.wav
sea_waves,sea_waves_index_19.wav
sea_waves,sea_waves_index_20.wav
sea_waves,sea_waves_index_21.wav
sea_waves,sea_waves_index_22.wav
sea_waves,sea_waves_index_23.wav
sea_waves,sea_waves_index_24.wav
sea_waves,sea_waves_index_25.wav
sea_waves,sea_waves_index_26.wav
sea_waves,sea_waves_index_27.wav
sea_waves,sea_waves_index_28.wav
sea_waves,sea_waves_index_29.wav
sea_waves,sea_waves_index_30.wav
sea_waves,sea_waves_index_31.wav
sea_waves,sea_waves_index_32.wav
sea_waves,sea_waves_index_33.wav
sea_waves,sea_waves_index_34.wav
sea_waves,sea_waves_index_35.wav
sea_waves,sea_waves_index_36.wav
sea_waves,sea_waves_index_37.wav
sea_waves,sea_waves_index_38.wav
sea_waves,sea_waves_index_39.wav
sea_waves,sea_waves_index_40.wav
crackling_fire,crackling_fire_index_1.wav
crackling_fire,crackling_fire_index_2.wav
crackling_fire,crackling_fire_index_3.wav
crackling_fire,crackling_fire_index_4.wav
crackling_fire,crackling_fire_index_5.wav
crackling_fire,crackling_fire_index_6.wav
crackling_fire,crackling_fire_index_7.wav
crackling_fire,crackling_fire_index_8.wav
crackling_fire,crackling_fire_index_9.wav
crackling_fire,crackling_fire_index_10.wav
crackling_fire,crackling_fire_index_11.wav
crackling_fire,crackling_fire_index_12.wav
crackling_fire,crackling_fire_index_13.wav
crackling_fire,crackling_fire_index_14.wav
crackling_fire,crackling_fire_index_15.wav
crackling_fire,crackling_fire_index_16.wav
crackling_fire,crackling_fire_index_17.wav
crackling_fire,crackling_fire_index_18.wav
crackling_fire,crackling_fire_index_19.wav
crackling_fire,crackling_fire_index_20.wav
crackling_fire,crackling_fire_index_21.wav
crackling_fire,crackling_fire_index_22.wav
crackling_fire,crackling_fire_index_23.wav
crackling_fire,crackling_fire_index_24.wav
crackling_fire,crackling_fire_index_25.wav
crackling_fire,crackling_fire_index_26.wav
crackling_fire,crackling_fire_index_27.wav
crackling_fire,crackling_fire_index_28.wav
crackling_fire,crackling_fire_index_29.wav
crackling_fire,crackling_fire_index_30.wav
crackling_fire,crackling_fire_index_31.wav
crackling_fire,crackling_fire_index_32.wav
crackling_fire,crackling_fire_index_33.wav
crackling_fire,crackling_fire_index_34.wav
crackling_fire,crackling_fire_index_35.wav
crackling_fire,crackling_fire_index_36.wav
crackling_fire,crackling_fire_index_37.wav
crackling_fire,crackling_fire_index_38.wav
crackling_fire,crackling_fire_index_39.wav
crackling_fire,crackling_fire_index_40.wav
crickets,crickets_index_1.wav
crickets,crickets_index_2.wav
crickets,crickets_index_3.wav
crickets,crickets_index_4.wav
crickets,crickets_index_5.wav
crickets,crickets_index_6.wav
crickets,crickets_index_7.wav
crickets,crickets_index_8.wav
crickets,crickets_index_9.wav
crickets,crickets_index_10.wav
crickets,crickets_index_11.wav
crickets,crickets_index_12.wav
crickets,crickets_index_13.wav
crickets,crickets_index_14.wav
crickets,crickets_index_15.wav
crickets,crickets_index_16.wav
crickets,crickets_index_17.wav
crickets,crickets_index_18.wav
crickets,crickets_index_19.wav
crickets,crickets_index_20.wav
crickets,crickets_index_21.wav
crickets,crickets_index_22.wav
crickets,crickets_index_23.wav
crickets,crickets_index_24.wav
crickets,crickets_index_25.wav
crickets,crickets_index_26.wav
crickets,crickets_index_27.wav
crickets,crickets_index_28.wav
crickets,crickets_index_29.wav
crickets,crickets_index_30.wav
crickets,crickets_index_31.wav
crickets,crickets_index_32.wav
crickets,crickets_index_33.wav
crickets,crickets_index_34.wav
crickets,crickets_index_35.wav
crickets,crickets_index_36.wav
crickets,crickets_index_37.wav
crickets,crickets_index_38.wav
crickets,crickets_index_39.wav
crickets,crickets_index_40.wav
chirping_birds,chirping_birds_index_1.wav
chirping_birds,chirping_birds_index_2.wav
chirping_birds,chirping_birds_index_3.wav
chirping_birds,chirping_birds_index_4.wav
chirping_birds,chirping_birds_index_5.wav
chirping_birds,chirping_birds_index_6.wav
chirping_birds,chirping_birds_index_7.wav
chirping_birds,chirping_birds_index_8.wav
chirping_birds,chirping_birds_index_9.wav
chirping_birds,chirping_birds_index_10.wav
chirping_birds,chirping_birds_index_11.wav
chirping_birds,chirping_birds_index_12.wav
chirping_birds,chirping_birds_index_13.wav
chirping_birds,chirping_birds_index_14.wav
chirping_birds,chirping_birds_index_15.wav
chirping_birds,chirping_birds_index_16.wav
chirping_birds,chirping_birds_index_17.wav
chirping_birds,chirping_birds_index_18.wav
chirping_birds,chirping_birds_index_19.wav
chirping_birds,chirping_birds_index_20.wav
chirping_birds,chirping_birds_index_21.wav
chirping_birds,chirping_birds_index_22.wav
chirping_birds,chirping_birds_index_23.wav
chirping_birds,chirping_birds_index_24.wav
chirping_birds,chirping_birds_index_25.wav
chirping_birds,chirping_birds_index_26.wav
chirping_birds,chirping_birds_index_27.wav
chirping_birds,chirping_birds_index_28.wav
chirping_birds,chirping_birds_index_29.wav
chirping_birds,chirping_birds_index_30.wav
chirping_birds,chirping_birds_index_31.wav
chirping_birds,chirping_birds_index_32.wav
chirping_birds,chirping_birds_index_33.wav
chirping_birds,chirping_birds_index_34.wav
chirping_birds,chirping_birds_index_35.wav
chirping_birds,chirping_birds_index_36.wav
chirping_birds,chirping_birds_index_37.wav
chirping_birds,chirping_birds_index_38.wav
chirping_birds,chirping_birds_index_39.wav
chirping_birds,chirping_birds_index_40.wav
water_drops,water_drops_index_1.wav
water_drops,water_drops_index_2.wav
water_drops,water_drops_index_3.wav
water_drops,water_drops_index_4.wav
water_drops,water_drops_index_5.wav
water_drops,water_drops_index_6.wav
water_drops,water_drops_index_7.wav
water_drops,water_drops_index_8.wav
water_drops,water_drops_index_9.wav
water_drops,water_drops_index_10.wav
water_drops,water_drops_index_11.wav
water_drops,water_drops_index_12.wav
water_drops,water_drops_index_13.wav
water_drops,water_drops_index_14.wav
water_drops,water_drops_index_15.wav
water_drops,water_drops_index_16.wav
water_drops,water_drops_index_17.wav
water_drops,water_drops_index_18.wav
water_drops,water_drops_index_19.wav
water_drops,water_drops_index_20.wav
water_drops,water_drops_index_21.wav
water_drops,water_drops_index_22.wav
water_drops,water_drops_index_23.wav
water_drops,water_drops_index_24.wav
water_drops,water_drops_index_25.wav
water_drops,water_drops_index_26.wav
water_drops,water_drops_index_27.wav
water_drops,water_drops_index_28.wav
water_drops,water_drops_index_29.wav
water_drops,water_drops_index_30.wav
water_drops,water_drops_index_31.wav
water_drops,water_drops_index_32.wav
water_drops,water_drops_index_33.wav
water_drops,water_drops_index_34.wav
water_drops,water_drops_index_35.wav
water_drops,water_drops_index_36.wav
water_drops,water_drops_index_37.wav
water_drops,water_drops_index_38.wav
water_drops,water_drops_index_39.wav
water_drops,water_drops_index_40.wav
wind,wind_index_1.wav
wind,wind_index_2.wav
wind,wind_index_3.wav
wind,wind_index_4.wav
wind,wind_index_5.wav
wind,wind_index_6.wav
wind,wind_index_7.wav
wind,wind_index_8.wav
wind,wind_index_9.wav
wind,wind_index_10.wav
wind,wind_index_11.wav
wind,wind_index_12.wav
wind,wind_index_13.wav
wind,wind_index_14.wav
wind,wind_index_15.wav
wind,wind_index_16.wav
wind,wind_index_17.wav
wind,wind_index_18.wav
wind,wind_index_19.wav
wind,wind_index_20.wav
wind,wind_index_21.wav
wind,wind_index_22.wav
wind,wind_index_23.wav
wind,wind_index_24.wav
wind,wind_index_25.wav
wind,wind_index_26.wav
wind,wind_index_27.wav
wind,wind_index_28.wav
wind,wind_index_29.wav
wind,wind_index_30.wav
wind,wind_index_31.wav
wind,wind_index_32.wav
wind,wind_index_33.wav
wind,wind_index_34.wav
wind,wind_index_35.wav
wind,wind_index_36.wav
wind,wind_index_37.wav
wind,wind_index_38.wav
wind,wind_index_39.wav
wind,wind_index_40.wav
pouring_water,pouring_water_index_1.wav
pouring_water,pouring_water_index_2.wav
pouring_water,pouring_water_index_3.wav
pouring_water,pouring_water_index_4.wav
pouring_water,pouring_water_index_5.wav
pouring_water,pouring_water_index_6.wav
pouring_water,pouring_water_index_7.wav
pouring_water,pouring_water_index_8.wav
pouring_water,pouring_water_index_9.wav
pouring_water,pouring_water_index_10.wav
pouring_water,pouring_water_index_11.wav
pouring_water,pouring_water_index_12.wav
pouring_water,pouring_water_index_13.wav
pouring_water,pouring_water_index_14.wav
pouring_water,pouring_water_index_15.wav
pouring_water,pouring_water_index_16.wav
pouring_water,pouring_water_index_17.wav
pouring_water,pouring_water_index_18.wav
pouring_water,pouring_water_index_19.wav
pouring_water,pouring_water_index_20.wav
pouring_water,pouring_water_index_21.wav
pouring_water,pouring_water_index_22.wav
pouring_water,pouring_water_index_23.wav
pouring_water,pouring_water_index_24.wav
pouring_water,pouring_water_index_25.wav
pouring_water,pouring_water_index_26.wav
pouring_water,pouring_water_index_27.wav
pouring_water,pouring_water_index_28.wav
pouring_water,pouring_water_index_29.wav
pouring_water,pouring_water_index_30.wav
pouring_water,pouring_water_index_31.wav
pouring_water,pouring_water_index_32.wav
pouring_water,pouring_water_index_33.wav
pouring_water,pouring_water_index_34.wav
pouring_water,pouring_water_index_35.wav
pouring_water,pouring_water_index_36.wav
pouring_water,pouring_water_index_37.wav
pouring_water,pouring_water_index_38.wav
pouring_water,pouring_water_index_39.wav
pouring_water,pouring_water_index_40.wav
toilet_flush,toilet_flush_index_1.wav
toilet_flush,toilet_flush_index_2.wav
toilet_flush,toilet_flush_index_3.wav
toilet_flush,toilet_flush_index_4.wav
toilet_flush,toilet_flush_index_5.wav
toilet_flush,toilet_flush_index_6.wav
toilet_flush,toilet_flush_index_7.wav
toilet_flush,toilet_flush_index_8.wav
toilet_flush,toilet_flush_index_9.wav
toilet_flush,toilet_flush_index_10.wav
toilet_flush,toilet_flush_index_11.wav
toilet_flush,toilet_flush_index_12.wav
toilet_flush,toilet_flush_index_13.wav
toilet_flush,toilet_flush_index_14.wav
toilet_flush,toilet_flush_index_15.wav
toilet_flush,toilet_flush_index_16.wav
toilet_flush,toilet_flush_index_17.wav
toilet_flush,toilet_flush_index_18.wav
toilet_flush,toilet_flush_index_19.wav
toilet_flush,toilet_flush_index_20.wav
toilet_flush,toilet_flush_index_21.wav
toilet_flush,toilet_flush_index_22.wav
toilet_flush,toilet_flush_index_23.wav
toilet_flush,toilet_flush_index_24.wav
toilet_flush,toilet_flush_index_25.wav
toilet_flush,toilet_flush_index_26.wav
toilet_flush,toilet_flush_index_27.wav
toilet_flush,toilet_flush_index_28.wav
toilet_flush,toilet_flush_index_29.wav
toilet_flush,toilet_flush_index_30.wav
toilet_flush,toilet_flush_index_31.wav
toilet_flush,toilet_flush_index_32.wav
toilet_flush,toilet_flush_index_33.wav
toilet_flush,toilet_flush_index_34.wav
toilet_flush,toilet_flush_index_35.wav
toilet_flush,toilet_flush_index_36.wav
toilet_flush,toilet_flush_index_37.wav
toilet_flush,toilet_flush_index_38.wav
toilet_flush,toilet_flush_index_39.wav
toilet_flush,toilet_flush_index_40.wav
thunderstorm,thunderstorm_index_1.wav
thunderstorm,thunderstorm_index_2.wav
thunderstorm,thunderstorm_index_3.wav
thunderstorm,thunderstorm_index_4.wav
thunderstorm,thunderstorm_index_5.wav
thunderstorm,thunderstorm_index_6.wav
thunderstorm,thunderstorm_index_7.wav
thunderstorm,thunderstorm_index_8.wav
thunderstorm,thunderstorm_index_9.wav
thunderstorm,thunderstorm_index_10.wav
thunderstorm,thunderstorm_index_11.wav
thunderstorm,thunderstorm_index_12.wav
thunderstorm,thunderstorm_index_13.wav
thunderstorm,thunderstorm_index_14.wav
thunderstorm,thunderstorm_index_15.wav
thunderstorm,thunderstorm_index_16.wav
thunderstorm,thunderstorm_index_17.wav
thunderstorm,thunderstorm_index_18.wav
thunderstorm,thunderstorm_index_19.wav
thunderstorm,thunderstorm_index_20.wav
thunderstorm,thunderstorm_index_21.wav
thunderstorm,thunderstorm_index_22.wav
thunderstorm,thunderstorm_index_23.wav
thunderstorm,thunderstorm_index_24.wav
thunderstorm,thunderstorm_index_25.wav
thunderstorm,thunderstorm_index_26.wav
thunderstorm,thunderstorm_index_27.wav
thunderstorm,thunderstorm_index_28.wav
thunderstorm,thunderstorm_index_29.wav
thunderstorm,thunderstorm_index_30.wav
thunderstorm,thunderstorm_index_31.wav
thunderstorm,thunderstorm_index_32.wav
thunderstorm,thunderstorm_index_33.wav
thunderstorm,thunderstorm_index_34.wav
thunderstorm,thunderstorm_index_35.wav
thunderstorm,thunderstorm_index_36.wav
thunderstorm,thunderstorm_index_37.wav
thunderstorm,thunderstorm_index_38.wav
thunderstorm,thunderstorm_index_39.wav
thunderstorm,thunderstorm_index_40.wav
crying_baby,crying_baby_index_1.wav
crying_baby,crying_baby_index_2.wav
crying_baby,crying_baby_index_3.wav
crying_baby,crying_baby_index_4.wav
crying_baby,crying_baby_index_5.wav
crying_baby,crying_baby_index_6.wav
crying_baby,crying_baby_index_7.wav
crying_baby,crying_baby_index_8.wav
crying_baby,crying_baby_index_9.wav
crying_baby,crying_baby_index_10.wav
crying_baby,crying_baby_index_11.wav
crying_baby,crying_baby_index_12.wav
crying_baby,crying_baby_index_13.wav
crying_baby,crying_baby_index_14.wav
crying_baby,crying_baby_index_15.wav
crying_baby,crying_baby_index_16.wav
crying_baby,crying_baby_index_17.wav
crying_baby,crying_baby_index_18.wav
crying_baby,crying_baby_index_19.wav
crying_baby,crying_baby_index_20.wav
crying_baby,crying_baby_index_21.wav
crying_baby,crying_baby_index_22.wav
crying_baby,crying_baby_index_23.wav
crying_baby,crying_baby_index_24.wav
crying_baby,crying_baby_index_25.wav
crying_baby,crying_baby_index_26.wav
crying_baby,crying_baby_index_27.wav
crying_baby,crying_baby_index_28.wav
crying_baby,crying_baby_index_29.wav
crying_baby,crying_baby_index_30.wav
crying_baby,crying_baby_index_31.wav
crying_baby,crying_baby_index_32.wav
crying_baby,crying_baby_index_33.wav
crying_baby,crying_baby_index_34.wav
crying_baby,crying_baby_index_35.wav
crying_baby,crying_baby_index_36.wav
crying_baby,crying_baby_index_37.wav
crying_baby,crying_baby_index_38.wav
crying_baby,crying_baby_index_39.wav
crying_baby,crying_baby_index_40.wav
sneezing,sneezing_index_1.wav
sneezing,sneezing_index_2.wav
sneezing,sneezing_index_3.wav
sneezing,sneezing_index_4.wav
sneezing,sneezing_index_5.wav
sneezing,sneezing_index_6.wav
sneezing,sneezing_index_7.wav
sneezing,sneezing_index_8.wav
sneezing,sneezing_index_9.wav
sneezing,sneezing_index_10.wav
sneezing,sneezing_index_11.wav
sneezing,sneezing_index_12.wav
sneezing,sneezing_index_13.wav
sneezing,sneezing_index_14.wav
sneezing,sneezing_index_15.wav
sneezing,sneezing_index_16.wav
sneezing,sneezing_index_17.wav
sneezing,sneezing_index_18.wav
sneezing,sneezing_index_19.wav
sneezing,sneezing_index_20.wav
sneezing,sneezing_index_21.wav
sneezing,sneezing_index_22.wav
sneezing,sneezing_index_23.wav
sneezing,sneezing_index_24.wav
sneezing,sneezing_index_25.wav
sneezing,sneezing_index_26.wav
sneezing,sneezing_index_27.wav
sneezing,sneezing_index_28.wav
sneezing,sneezing_index_29.wav
sneezing,sneezing_index_30.wav
sneezing,sneezing_index_31.wav
sneezing,sneezing_index_32.wav
sneezing,sneezing_index_33.wav
sneezing,sneezing_index_34.wav
sneezing,sneezing_index_35.wav
sneezing,sneezing_index_36.wav
sneezing,sneezing_index_37.wav
sneezing,sneezing_index_38.wav
sneezing,sneezing_index_39.wav
sneezing,sneezing_index_40.wav
clapping,clapping_index_1.wav
clapping,clapping_index_2.wav
clapping,clapping_index_3.wav
clapping,clapping_index_4.wav
clapping,clapping_index_5.wav
clapping,clapping_index_6.wav
clapping,clapping_index_7.wav
clapping,clapping_index_8.wav
clapping,clapping_index_9.wav
clapping,clapping_index_10.wav
clapping,clapping_index_11.wav
clapping,clapping_index_12.wav
clapping,clapping_index_13.wav
clapping,clapping_index_14.wav
clapping,clapping_index_15.wav
clapping,clapping_index_16.wav
clapping,clapping_index_17.wav
clapping,clapping_index_18.wav
clapping,clapping_index_19.wav
clapping,clapping_index_20.wav
clapping,clapping_index_21.wav
clapping,clapping_index_22.wav
clapping,clapping_index_23.wav
clapping,clapping_index_24.wav
clapping,clapping_index_25.wav
clapping,clapping_index_26.wav
clapping,clapping_index_27.wav
clapping,clapping_index_28.wav
clapping,clapping_index_29.wav
clapping,clapping_index_30.wav
clapping,clapping_index_31.wav
clapping,clapping_index_32.wav
clapping,clapping_index_33.wav
clapping,clapping_index_34.wav
clapping,clapping_index_35.wav
clapping,clapping_index_36.wav
clapping,clapping_index_37.wav
clapping,clapping_index_38.wav
clapping,clapping_index_39.wav
clapping,clapping_index_40.wav
breathing,breathing_index_1.wav
breathing,breathing_index_2.wav
breathing,breathing_index_3.wav
breathing,breathing_index_4.wav
breathing,breathing_index_5.wav
breathing,breathing_index_6.wav
breathing,breathing_index_7.wav
breathing,breathing_index_8.wav
breathing,breathing_index_9.wav
breathing,breathing_index_10.wav
breathing,breathing_index_11.wav
breathing,breathing_index_12.wav
breathing,breathing_index_13.wav
breathing,breathing_index_14.wav
breathing,breathing_index_15.wav
breathing,breathing_index_16.wav
breathing,breathing_index_17.wav
breathing,breathing_index_18.wav
breathing,breathing_index_19.wav
breathing,breathing_index_20.wav
breathing,breathing_index_21.wav
breathing,breathing_index_22.wav
breathing,breathing_index_23.wav
breathing,breathing_index_24.wav
breathing,breathing_index_25.wav
breathing,breathing_index_26.wav
breathing,breathing_index_27.wav
breathing,breathing_index_28.wav
breathing,breathing_index_29.wav
breathing,breathing_index_30.wav
breathing,breathing_index_31.wav
breathing,breathing_index_32.wav
breathing,breathing_index_33.wav
breathing,breathing_index_34.wav
breathing,breathing_index_35.wav
breathing,breathing_index_36.wav
breathing,breathing_index_37.wav
breathing,breathing_index_38.wav
breathing,breathing_index_39.wav
breathing,breathing_index_40.wav
coughing,coughing_index_1.wav
coughing,coughing_index_2.wav
coughing,coughing_index_3.wav
coughing,coughing_index_4.wav
coughing,coughing_index_5.wav
coughing,coughing_index_6.wav
coughing,coughing_index_7.wav
coughing,coughing_index_8.wav
coughing,coughing_index_9.wav
coughing,coughing_index_10.wav
coughing,coughing_index_11.wav
coughing,coughing_index_12.wav
coughing,coughing_index_13.wav
coughing,coughing_index_14.wav
coughing,coughing_index_15.wav
coughing,coughing_index_16.wav
coughing,coughing_index_17.wav
coughing,coughing_index_18.wav
coughing,coughing_index_19.wav
coughing,coughing_index_20.wav
coughing,coughing_index_21.wav
coughing,coughing_index_22.wav
coughing,coughing_index_23.wav
coughing,coughing_index_24.wav
coughing,coughing_index_25.wav
coughing,coughing_index_26.wav
coughing,coughing_index_27.wav
coughing,coughing_index_28.wav
coughing,coughing_index_29.wav
coughing,coughing_index_30.wav
coughing,coughing_index_31.wav
coughing,coughing_index_32.wav
coughing,coughing_index_33.wav
coughing,coughing_index_34.wav
coughing,coughing_index_35.wav
coughing,coughing_index_36.wav
coughing,coughing_index_37.wav
coughing,coughing_index_38.wav
coughing,coughing_index_39.wav
coughing,coughing_index_40.wav
footsteps,footsteps_index_1.wav
footsteps,footsteps_index_2.wav
footsteps,footsteps_index_3.wav
footsteps,footsteps_index_4.wav
footsteps,footsteps_index_5.wav
footsteps,footsteps_index_6.wav
footsteps,footsteps_index_7.wav
footsteps,footsteps_index_8.wav
footsteps,footsteps_index_9.wav
footsteps,footsteps_index_10.wav
footsteps,footsteps_index_11.wav
footsteps,footsteps_index_12.wav
footsteps,footsteps_index_13.wav
footsteps,footsteps_index_14.wav
footsteps,footsteps_index_15.wav
footsteps,footsteps_index_16.wav
footsteps,footsteps_index_17.wav
footsteps,footsteps_index_18.wav
footsteps,footsteps_index_19.wav
footsteps,footsteps_index_20.wav
footsteps,footsteps_index_21.wav
footsteps,footsteps_index_22.wav
footsteps,footsteps_index_23.wav
footsteps,footsteps_index_24.wav
footsteps,footsteps_index_25.wav
footsteps,footsteps_index_26.wav
footsteps,footsteps_index_27.wav
footsteps,footsteps_index_28.wav
footsteps,footsteps_index_29.wav
footsteps,footsteps_index_30.wav
footsteps,footsteps_index_31.wav
footsteps,footsteps_index_32.wav
footsteps,footsteps_index_33.wav
footsteps,footsteps_index_34.wav
footsteps,footsteps_index_35.wav
footsteps,footsteps_index_36.wav
footsteps,footsteps_index_37.wav
footsteps,footsteps_index_38.wav
footsteps,footsteps_index_39.wav
footsteps,footsteps_index_40.wav
laughing,laughing_index_1.wav
laughing,laughing_index_2.wav
laughing,laughing_index_3.wav
laughing,laughing_index_4.wav
laughing,laughing_index_5.wav
laughing,laughing_index_6.wav
laughing,laughing_index_7.wav
laughing,laughing_index_8.wav
laughing,laughing_index_9.wav
laughing,laughing_index_10.wav
laughing,laughing_index_11.wav
laughing,laughing_index_12.wav
laughing,laughing_index_13.wav
laughing,laughing_index_14.wav
laughing,laughing_index_15.wav
laughing,laughing_index_16.wav
laughing,laughing_index_17.wav
laughing,laughing_index_18.wav
laughing,laughing_index_19.wav
laughing,laughing_index_20.wav
laughing,laughing_index_21.wav
laughing,laughing_index_22.wav
laughing,laughing_index_23.wav
laughing,laughing_index_24.wav
laughing,laughing_index_25.wav
laughing,laughing_index_26.wav
laughing,laughing_index_27.wav
laughing,laughing_index_28.wav
laughing,laughing_index_29.wav
laughing,laughing_index_30.wav
laughing,laughing_index_31.wav
laughing,laughing_index_32.wav
laughing,laughing_index_33.wav
laughing,laughing_index_34.wav
laughing,laughing_index_35.wav
laughing,laughing_index_36.wav
laughing,laughing_index_37.wav
laughing,laughing_index_38.wav
laughing,laughing_index_39.wav
laughing,laughing_index_40.wav
brushing_teeth,brushing_teeth_index_1.wav
brushing_teeth,brushing_teeth_index_2.wav
brushing_teeth,brushing_teeth_index_3.wav
brushing_teeth,brushing_teeth_index_4.wav
brushing_teeth,brushing_teeth_index_5.wav
brushing_teeth,brushing_teeth_index_6.wav
brushing_teeth,brushing_teeth_index_7.wav
brushing_teeth,brushing_teeth_index_8.wav
brushing_teeth,brushing_teeth_index_9.wav
brushing_teeth,brushing_teeth_index_10.wav
brushing_teeth,brushing_teeth_index_11.wav
brushing_teeth,brushing_teeth_index_12.wav
brushing_teeth,brushing_teeth_index_13.wav
brushing_teeth,brushing_teeth_index_14.wav
brushing_teeth,brushing_teeth_index_15.wav
brushing_teeth,brushing_teeth_index_16.wav
brushing_teeth,brushing_teeth_index_17.wav
brushing_teeth,brushing_teeth_index_18.wav
brushing_teeth,brushing_teeth_index_19.wav
brushing_teeth,brushing_teeth_index_20.wav
brushing_teeth,brushing_teeth_index_21.wav
brushing_teeth,brushing_teeth_index_22.wav
brushing_teeth,brushing_teeth_index_23.wav
brushing_teeth,brushing_teeth_index_24.wav
brushing_teeth,brushing_teeth_index_25.wav
brushing_teeth,brushing_teeth_index_26.wav
brushing_teeth,brushing_teeth_index_27.wav
brushing_teeth,brushing_teeth_index_28.wav
brushing_teeth,brushing_teeth_index_29.wav
brushing_teeth,brushing_teeth_index_30.wav
brushing_teeth,brushing_teeth_index_31.wav
brushing_teeth,brushing_teeth_index_32.wav
brushing_teeth,brushing_teeth_index_33.wav
brushing_teeth,brushing_teeth_index_34.wav
brushing_teeth,brushing_teeth_index_35.wav
brushing_teeth,brushing_teeth_index_36.wav
brushing_teeth,brushing_teeth_index_37.wav
brushing_teeth,brushing_teeth_index_38.wav
brushing_teeth,brushing_teeth_index_39.wav
brushing_teeth,brushing_teeth_index_40.wav
snoring,snoring_index_1.wav
snoring,snoring_index_2.wav
snoring,snoring_index_3.wav
snoring,snoring_index_4.wav
snoring,snoring_index_5.wav
snoring,snoring_index_6.wav
snoring,snoring_index_7.wav
snoring,snoring_index_8.wav
snoring,snoring_index_9.wav
snoring,snoring_index_10.wav
snoring,snoring_index_11.wav
snoring,snoring_index_12.wav
snoring,snoring_index_13.wav
snoring,snoring_index_14.wav
snoring,snoring_index_15.wav
snoring,snoring_index_16.wav
snoring,snoring_index_17.wav
snoring,snoring_index_18.wav
snoring,snoring_index_19.wav
snoring,snoring_index_20.wav
snoring,snoring_index_21.wav
snoring,snoring_index_22.wav
snoring,snoring_index_23.wav
snoring,snoring_index_24.wav
snoring,snoring_index_25.wav
snoring,snoring_index_26.wav
snoring,snoring_index_27.wav
snoring,snoring_index_28.wav
snoring,snoring_index_29.wav
snoring,snoring_index_30.wav
snoring,snoring_index_31.wav
snoring,snoring_index_32.wav
snoring,snoring_index_33.wav
snoring,snoring_index_34.wav
snoring,snoring_index_35.wav
snoring,snoring_index_36.wav
snoring,snoring_index_37.wav
snoring,snoring_index_38.wav
snoring,snoring_index_39.wav
snoring,snoring_index_40.wav
drinking_sipping,drinking_sipping_index_1.wav
drinking_sipping,drinking_sipping_index_2.wav
drinking_sipping,drinking_sipping_index_3.wav
drinking_sipping,drinking_sipping_index_4.wav
drinking_sipping,drinking_sipping_index_5.wav
drinking_sipping,drinking_sipping_index_6.wav
drinking_sipping,drinking_sipping_index_7.wav
drinking_sipping,drinking_sipping_index_8.wav
drinking_sipping,drinking_sipping_index_9.wav
drinking_sipping,drinking_sipping_index_10.wav
drinking_sipping,drinking_sipping_index_11.wav
drinking_sipping,drinking_sipping_index_12.wav
drinking_sipping,drinking_sipping_index_13.wav
drinking_sipping,drinking_sipping_index_14.wav
drinking_sipping,drinking_sipping_index_15.wav
drinking_sipping,drinking_sipping_index_16.wav
drinking_sipping,drinking_sipping_index_17.wav
drinking_sipping,drinking_sipping_index_18.wav
drinking_sipping,drinking_sipping_index_19.wav
drinking_sipping,drinking_sipping_index_20.wav
drinking_sipping,drinking_sipping_index_21.wav
drinking_sipping,drinking_sipping_index_22.wav
drinking_sipping,drinking_sipping_index_23.wav
drinking_sipping,drinking_sipping_index_24.wav
drinking_sipping,drinking_sipping_index_25.wav
drinking_sipping,drinking_sipping_index_26.wav
drinking_sipping,drinking_sipping_index_27.wav
drinking_sipping,drinking_sipping_index_28.wav
drinking_sipping,drinking_sipping_index_29.wav
drinking_sipping,drinking_sipping_index_30.wav
drinking_sipping,drinking_sipping_index_31.wav
drinking_sipping,drinking_sipping_index_32.wav
drinking_sipping,drinking_sipping_index_33.wav
drinking_sipping,drinking_sipping_index_34.wav
drinking_sipping,drinking_sipping_index_35.wav
drinking_sipping,drinking_sipping_index_36.wav
drinking_sipping,drinking_sipping_index_37.wav
drinking_sipping,drinking_sipping_index_38.wav
drinking_sipping,drinking_sipping_index_39.wav
drinking_sipping,drinking_sipping_index_40.wav
door_wood_knock,door_wood_knock_index_1.wav
door_wood_knock,door_wood_knock_index_2.wav
door_wood_knock,door_wood_knock_index_3.wav
door_wood_knock,door_wood_knock_index_4.wav
door_wood_knock,door_wood_knock_index_5.wav
door_wood_knock,door_wood_knock_index_6.wav
door_wood_knock,door_wood_knock_index_7.wav
door_wood_knock,door_wood_knock_index_8.wav
door_wood_knock,door_wood_knock_index_9.wav
door_wood_knock,door_wood_knock_index_10.wav
door_wood_knock,door_wood_knock_index_11.wav
door_wood_knock,door_wood_knock_index_12.wav
door_wood_knock,door_wood_knock_index_13.wav
door_wood_knock,door_wood_knock_index_14.wav
door_wood_knock,door_wood_knock_index_15.wav
door_wood_knock,door_wood_knock_index_16.wav
door_wood_knock,door_wood_knock_index_17.wav
door_wood_knock,door_wood_knock_index_18.wav
door_wood_knock,door_wood_knock_index_19.wav
door_wood_knock,door_wood_knock_index_20.wav
door_wood_knock,door_wood_knock_index_21.wav
door_wood_knock,door_wood_knock_index_22.wav
door_wood_knock,door_wood_knock_index_23.wav
door_wood_knock,door_wood_knock_index_24.wav
door_wood_knock,door_wood_knock_index_25.wav
door_wood_knock,door_wood_knock_index_26.wav
door_wood_knock,door_wood_knock_index_27.wav
door_wood_knock,door_wood_knock_index_28.wav
door_wood_knock,door_wood_knock_index_29.wav
door_wood_knock,door_wood_knock_index_30.wav
door_wood_knock,door_wood_knock_index_31.wav
door_wood_knock,door_wood_knock_index_32.wav
door_wood_knock,door_wood_knock_index_33.wav
door_wood_knock,door_wood_knock_index_34.wav
door_wood_knock,door_wood_knock_index_35.wav
door_wood_knock,door_wood_knock_index_36.wav
door_wood_knock,door_wood_knock_index_37.wav
door_wood_knock,door_wood_knock_index_38.wav
door_wood_knock,door_wood_knock_index_39.wav
door_wood_knock,door_wood_knock_index_40.wav
mouse_click,mouse_click_index_1.wav
mouse_click,mouse_click_index_2.wav
mouse_click,mouse_click_index_3.wav
mouse_click,mouse_click_index_4.wav
mouse_click,mouse_click_index_5.wav
mouse_click,mouse_click_index_6.wav
mouse_click,mouse_click_index_7.wav
mouse_click,mouse_click_index_8.wav
mouse_click,mouse_click_index_9.wav
mouse_click,mouse_click_index_10.wav
mouse_click,mouse_click_index_11.wav
mouse_click,mouse_click_index_12.wav
mouse_click,mouse_click_index_13.wav
mouse_click,mouse_click_index_14.wav
mouse_click,mouse_click_index_15.wav
mouse_click,mouse_click_index_16.wav
mouse_click,mouse_click_index_17.wav
mouse_click,mouse_click_index_18.wav
mouse_click,mouse_click_index_19.wav
mouse_click,mouse_click_index_20.wav
mouse_click,mouse_click_index_21.wav
mouse_click,mouse_click_index_22.wav
mouse_click,mouse_click_index_23.wav
mouse_click,mouse_click_index_24.wav
mouse_click,mouse_click_index_25.wav
mouse_click,mouse_click_index_26.wav
mouse_click,mouse_click_index_27.wav
mouse_click,mouse_click_index_28.wav
mouse_click,mouse_click_index_29.wav
mouse_click,mouse_click_index_30.wav
mouse_click,mouse_click_index_31.wav
mouse_click,mouse_click_index_32.wav
mouse_click,mouse_click_index_33.wav
mouse_click,mouse_click_index_34.wav
mouse_click,mouse_click_index_35.wav
mouse_click,mouse_click_index_36.wav
mouse_click,mouse_click_index_37.wav
mouse_click,mouse_click_index_38.wav
mouse_click,mouse_click_index_39.wav
mouse_click,mouse_click_index_40.wav
keyboard_typing,keyboard_typing_index_1.wav
keyboard_typing,keyboard_typing_index_2.wav
keyboard_typing,keyboard_typing_index_3.wav
keyboard_typing,keyboard_typing_index_4.wav
keyboard_typing,keyboard_typing_index_5.wav
keyboard_typing,keyboard_typing_index_6.wav
keyboard_typing,keyboard_typing_index_7.wav
keyboard_typing,keyboard_typing_index_8.wav
keyboard_typing,keyboard_typing_index_9.wav
keyboard_typing,keyboard_typing_index_10.wav
keyboard_typing,keyboard_typing_index_11.wav
keyboard_typing,keyboard_typing_index_12.wav
keyboard_typing,keyboard_typing_index_13.wav
keyboard_typing,keyboard_typing_index_14.wav
keyboard_typing,keyboard_typing_index_15.wav
keyboard_typing,keyboard_typing_index_16.wav
keyboard_typing,keyboard_typing_index_17.wav
keyboard_typing,keyboard_typing_index_18.wav
keyboard_typing,keyboard_typing_index_19.wav
keyboard_typing,keyboard_typing_index_20.wav
keyboard_typing,keyboard_typing_index_21.wav
keyboard_typing,keyboard_typing_index_22.wav
keyboard_typing,keyboard_typing_index_23.wav
keyboard_typing,keyboard_typing_index_24.wav
keyboard_typing,keyboard_typing_index_25.wav
keyboard_typing,keyboard_typing_index_26.wav
keyboard_typing,keyboard_typing_index_27.wav
keyboard_typing,keyboard_typing_index_28.wav
keyboard_typing,keyboard_typing_index_29.wav
keyboard_typing,keyboard_typing_index_30.wav
keyboard_typing,keyboard_typing_index_31.wav
keyboard_typing,keyboard_typing_index_32.wav
keyboard_typing,keyboard_typing_index_33.wav
keyboard_typing,keyboard_typing_index_34.wav
keyboard_typing,keyboard_typing_index_35.wav
keyboard_typing,keyboard_typing_index_36.wav
keyboard_typing,keyboard_typing_index_37.wav
keyboard_typing,keyboard_typing_index_38.wav
keyboard_typing,keyboard_typing_index_39.wav
keyboard_typing,keyboard_typing_index_40.wav
door_wood_creaks,door_wood_creaks_index_1.wav
door_wood_creaks,door_wood_creaks_index_2.wav
door_wood_creaks,door_wood_creaks_index_3.wav
door_wood_creaks,door_wood_creaks_index_4.wav
door_wood_creaks,door_wood_creaks_index_5.wav
door_wood_creaks,door_wood_creaks_index_6.wav
door_wood_creaks,door_wood_creaks_index_7.wav
door_wood_creaks,door_wood_creaks_index_8.wav
door_wood_creaks,door_wood_creaks_index_9.wav
door_wood_creaks,door_wood_creaks_index_10.wav
door_wood_creaks,door_wood_creaks_index_11.wav
door_wood_creaks,door_wood_creaks_index_12.wav
door_wood_creaks,door_wood_creaks_index_13.wav
door_wood_creaks,door_wood_creaks_index_14.wav
door_wood_creaks,door_wood_creaks_index_15.wav
door_wood_creaks,door_wood_creaks_index_16.wav
door_wood_creaks,door_wood_creaks_index_17.wav
door_wood_creaks,door_wood_creaks_index_18.wav
door_wood_creaks,door_wood_creaks_index_19.wav
door_wood_creaks,door_wood_creaks_index_20.wav
door_wood_creaks,door_wood_creaks_index_21.wav
door_wood_creaks,door_wood_creaks_index_22.wav
door_wood_creaks,door_wood_creaks_index_23.wav
door_wood_creaks,door_wood_creaks_index_24.wav
door_wood_creaks,door_wood_creaks_index_25.wav
door_wood_creaks,door_wood_creaks_index_26.wav
door_wood_creaks,door_wood_creaks_index_27.wav
door_wood_creaks,door_wood_creaks_index_28.wav
door_wood_creaks,door_wood_creaks_index_29.wav
door_wood_creaks,door_wood_creaks_index_30.wav
door_wood_creaks,door_wood_creaks_index_31.wav
door_wood_creaks,door_wood_creaks_index_32.wav
door_wood_creaks,door_wood_creaks_index_33.wav
door_wood_creaks,door_wood_creaks_index_34.wav
door_wood_creaks,door_wood_creaks_index_35.wav
door_wood_creaks,door_wood_creaks_index_36.wav
door_wood_creaks,door_wood_creaks_index_37.wav
door_wood_creaks,door_wood_creaks_index_38.wav
door_wood_creaks,door_wood_creaks_index_39.wav
door_wood_creaks,door_wood_creaks_index_40.wav
can_opening,can_opening_index_1.wav
can_opening,can_opening_index_2.wav
can_opening,can_opening_index_3.wav
can_opening,can_opening_index_4.wav
can_opening,can_opening_index_5.wav
can_opening,can_opening_index_6.wav
can_opening,can_opening_index_7.wav
can_opening,can_opening_index_8.wav
can_opening,can_opening_index_9.wav
can_opening,can_opening_index_10.wav
can_opening,can_opening_index_11.wav
can_opening,can_opening_index_12.wav
can_opening,can_opening_index_13.wav
can_opening,can_opening_index_14.wav
can_opening,can_opening_index_15.wav
can_opening,can_opening_index_16.wav
can_opening,can_opening_index_17.wav
can_opening,can_opening_index_18.wav
can_opening,can_opening_index_19.wav
can_opening,can_opening_index_20.wav
can_opening,can_opening_index_21.wav
can_opening,can_opening_index_22.wav
can_opening,can_opening_index_23.wav
can_opening,can_opening_index_24.wav
can_opening,can_opening_index_25.wav
can_opening,can_opening_index_26.wav
can_opening,can_opening_index_27.wav
can_opening,can_opening_index_28.wav
can_opening,can_opening_index_29.wav
can_opening,can_opening_index_30.wav
can_opening,can_opening_index_31.wav
can_opening,can_opening_index_32.wav
can_opening,can_opening_index_33.wav
can_opening,can_opening_index_34.wav
can_opening,can_opening_index_35.wav
can_opening,can_opening_index_36.wav
can_opening,can_opening_index_37.wav
can_opening,can_opening_index_38.wav
can_opening,can_opening_index_39.wav
can_opening,can_opening_index_40.wav
washing_machine,washing_machine_index_1.wav
washing_machine,washing_machine_index_2.wav
washing_machine,washing_machine_index_3.wav
washing_machine,washing_machine_index_4.wav
washing_machine,washing_machine_index_5.wav
washing_machine,washing_machine_index_6.wav
washing_machine,washing_machine_index_7.wav
washing_machine,washing_machine_index_8.wav
washing_machine,washing_machine_index_9.wav
washing_machine,washing_machine_index_10.wav
washing_machine,washing_machine_index_11.wav
washing_machine,washing_machine_index_12.wav
washing_machine,washing_machine_index_13.wav
washing_machine,washing_machine_index_14.wav
washing_machine,washing_machine_index_15.wav
washing_machine,washing_machine_index_16.wav
washing_machine,washing_machine_index_17.wav
washing_machine,washing_machine_index_18.wav
washing_machine,washing_machine_index_19.wav
washing_machine,washing_machine_index_20.wav
washing_machine,washing_machine_index_21.wav
washing_machine,washing_machine_index_22.wav
washing_machine,washing_machine_index_23.wav
washing_machine,washing_machine_index_24.wav
washing_machine,washing_machine_index_25.wav
washing_machine,washing_machine_index_26.wav
washing_machine,washing_machine_index_27.wav
washing_machine,washing_machine_index_28.wav
washing_machine,washing_machine_index_29.wav
washing_machine,washing_machine_index_30.wav
washing_machine,washing_machine_index_31.wav
washing_machine,washing_machine_index_32.wav
washing_machine,washing_machine_index_33.wav
washing_machine,washing_machine_index_34.wav
washing_machine,washing_machine_index_35.wav
washing_machine,washing_machine_index_36.wav
washing_machine,washing_machine_index_37.wav
washing_machine,washing_machine_index_38.wav
washing_machine,washing_machine_index_39.wav
washing_machine,washing_machine_index_40.wav
vacuum_cleaner,vacuum_cleaner_index_1.wav
vacuum_cleaner,vacuum_cleaner_index_2.wav
vacuum_cleaner,vacuum_cleaner_index_3.wav
vacuum_cleaner,vacuum_cleaner_index_4.wav
vacuum_cleaner,vacuum_cleaner_index_5.wav
vacuum_cleaner,vacuum_cleaner_index_6.wav
vacuum_cleaner,vacuum_cleaner_index_7.wav
vacuum_cleaner,vacuum_cleaner_index_8.wav
vacuum_cleaner,vacuum_cleaner_index_9.wav
vacuum_cleaner,vacuum_cleaner_index_10.wav
vacuum_cleaner,vacuum_cleaner_index_11.wav
vacuum_cleaner,vacuum_cleaner_index_12.wav
vacuum_cleaner,vacuum_cleaner_index_13.wav
vacuum_cleaner,vacuum_cleaner_index_14.wav
vacuum_cleaner,vacuum_cleaner_index_15.wav
vacuum_cleaner,vacuum_cleaner_index_16.wav
vacuum_cleaner,vacuum_cleaner_index_17.wav
vacuum_cleaner,vacuum_cleaner_index_18.wav
vacuum_cleaner,vacuum_cleaner_index_19.wav
vacuum_cleaner,vacuum_cleaner_index_20.wav
vacuum_cleaner,vacuum_cleaner_index_21.wav
vacuum_cleaner,vacuum_cleaner_index_22.wav
vacuum_cleaner,vacuum_cleaner_index_23.wav
vacuum_cleaner,vacuum_cleaner_index_24.wav
vacuum_cleaner,vacuum_cleaner_index_25.wav
vacuum_cleaner,vacuum_cleaner_index_26.wav
vacuum_cleaner,vacuum_cleaner_index_27.wav
vacuum_cleaner,vacuum_cleaner_index_28.wav
vacuum_cleaner,vacuum_cleaner_index_29.wav
vacuum_cleaner,vacuum_cleaner_index_30.wav
vacuum_cleaner,vacuum_cleaner_index_31.wav
vacuum_cleaner,vacuum_cleaner_index_32.wav
vacuum_cleaner,vacuum_cleaner_index_33.wav
vacuum_cleaner,vacuum_cleaner_index_34.wav
vacuum_cleaner,vacuum_cleaner_index_35.wav
vacuum_cleaner,vacuum_cleaner_index_36.wav
vacuum_cleaner,vacuum_cleaner_index_37.wav
vacuum_cleaner,vacuum_cleaner_index_38.wav
vacuum_cleaner,vacuum_cleaner_index_39.wav
vacuum_cleaner,vacuum_cleaner_index_40.wav
clock_alarm,clock_alarm_index_1.wav
clock_alarm,clock_alarm_index_2.wav
clock_alarm,clock_alarm_index_3.wav
clock_alarm,clock_alarm_index_4.wav
clock_alarm,clock_alarm_index_5.wav
clock_alarm,clock_alarm_index_6.wav
clock_alarm,clock_alarm_index_7.wav
clock_alarm,clock_alarm_index_8.wav
clock_alarm,clock_alarm_index_9.wav
clock_alarm,clock_alarm_index_10.wav
clock_alarm,clock_alarm_index_11.wav
clock_alarm,clock_alarm_index_12.wav
clock_alarm,clock_alarm_index_13.wav
clock_alarm,clock_alarm_index_14.wav
clock_alarm,clock_alarm_index_15.wav
clock_alarm,clock_alarm_index_16.wav
clock_alarm,clock_alarm_index_17.wav
clock_alarm,clock_alarm_index_18.wav
clock_alarm,clock_alarm_index_19.wav
clock_alarm,clock_alarm_index_20.wav
clock_alarm,clock_alarm_index_21.wav
clock_alarm,clock_alarm_index_22.wav
clock_alarm,clock_alarm_index_23.wav
clock_alarm,clock_alarm_index_24.wav
clock_alarm,clock_alarm_index_25.wav
clock_alarm,clock_alarm_index_26.wav
clock_alarm,clock_alarm_index_27.wav
clock_alarm,clock_alarm_index_28.wav
clock_alarm,clock_alarm_index_29.wav
clock_alarm,clock_alarm_index_30.wav
clock_alarm,clock_alarm_index_31.wav
clock_alarm,clock_alarm_index_32.wav
clock_alarm,clock_alarm_index_33.wav
clock_alarm,clock_alarm_index_34.wav
clock_alarm,clock_alarm_index_35.wav
clock_alarm,clock_alarm_index_36.wav
clock_alarm,clock_alarm_index_37.wav
clock_alarm,clock_alarm_index_38.wav
clock_alarm,clock_alarm_index_39.wav
clock_alarm,clock_alarm_index_40.wav
clock_tick,clock_tick_index_1.wav
clock_tick,clock_tick_index_2.wav
clock_tick,clock_tick_index_3.wav
clock_tick,clock_tick_index_4.wav
clock_tick,clock_tick_index_5.wav
clock_tick,clock_tick_index_6.wav
clock_tick,clock_tick_index_7.wav
clock_tick,clock_tick_index_8.wav
clock_tick,clock_tick_index_9.wav
clock_tick,clock_tick_index_10.wav
clock_tick,clock_tick_index_11.wav
clock_tick,clock_tick_index_12.wav
clock_tick,clock_tick_index_13.wav
clock_tick,clock_tick_index_14.wav
clock_tick,clock_tick_index_15.wav
clock_tick,clock_tick_index_16.wav
clock_tick,clock_tick_index_17.wav
clock_tick,clock_tick_index_18.wav
clock_tick,clock_tick_index_19.wav
clock_tick,clock_tick_index_20.wav
clock_tick,clock_tick_index_21.wav
clock_tick,clock_tick_index_22.wav
clock_tick,clock_tick_index_23.wav
clock_tick,clock_tick_index_24.wav
clock_tick,clock_tick_index_25.wav
clock_tick,clock_tick_index_26.wav
clock_tick,clock_tick_index_27.wav
clock_tick,clock_tick_index_28.wav
clock_tick,clock_tick_index_29.wav
clock_tick,clock_tick_index_30.wav
clock_tick,clock_tick_index_31.wav
clock_tick,clock_tick_index_32.wav
clock_tick,clock_tick_index_33.wav
clock_tick,clock_tick_index_34.wav
clock_tick,clock_tick_index_35.wav
clock_tick,clock_tick_index_36.wav
clock_tick,clock_tick_index_37.wav
clock_tick,clock_tick_index_38.wav
clock_tick,clock_tick_index_39.wav
clock_tick,clock_tick_index_40.wav
glass_breaking,glass_breaking_index_1.wav
glass_breaking,glass_breaking_index_2.wav
glass_breaking,glass_breaking_index_3.wav
glass_breaking,glass_breaking_index_4.wav
glass_breaking,glass_breaking_index_5.wav
glass_breaking,glass_breaking_index_6.wav
glass_breaking,glass_breaking_index_7.wav
glass_breaking,glass_breaking_index_8.wav
glass_breaking,glass_breaking_index_9.wav
glass_breaking,glass_breaking_index_10.wav
glass_breaking,glass_breaking_index_11.wav
glass_breaking,glass_breaking_index_12.wav
glass_breaking,glass_breaking_index_13.wav
glass_breaking,glass_breaking_index_14.wav
glass_breaking,glass_breaking_index_15.wav
glass_breaking,glass_breaking_index_16.wav
glass_breaking,glass_breaking_index_17.wav
glass_breaking,glass_breaking_index_18.wav
glass_breaking,glass_breaking_index_19.wav
glass_breaking,glass_breaking_index_20.wav
glass_breaking,glass_breaking_index_21.wav
glass_breaking,glass_breaking_index_22.wav
glass_breaking,glass_breaking_index_23.wav
glass_breaking,glass_breaking_index_24.wav
glass_breaking,glass_breaking_index_25.wav
glass_breaking,glass_breaking_index_26.wav
glass_breaking,glass_breaking_index_27.wav
glass_breaking,glass_breaking_index_28.wav
glass_breaking,glass_breaking_index_29.wav
glass_breaking,glass_breaking_index_30.wav
glass_breaking,glass_breaking_index_31.wav
glass_breaking,glass_breaking_index_32.wav
glass_breaking,glass_breaking_index_33.wav
glass_breaking,glass_breaking_index_34.wav
glass_breaking,glass_breaking_index_35.wav
glass_breaking,glass_breaking_index_36.wav
glass_breaking,glass_breaking_index_37.wav
glass_breaking,glass_breaking_index_38.wav
glass_breaking,glass_breaking_index_39.wav
glass_breaking,glass_breaking_index_40.wav
helicopter,helicopter_index_1.wav
helicopter,helicopter_index_2.wav
helicopter,helicopter_index_3.wav
helicopter,helicopter_index_4.wav
helicopter,helicopter_index_5.wav
helicopter,helicopter_index_6.wav
helicopter,helicopter_index_7.wav
helicopter,helicopter_index_8.wav
helicopter,helicopter_index_9.wav
helicopter,helicopter_index_10.wav
helicopter,helicopter_index_11.wav
helicopter,helicopter_index_12.wav
helicopter,helicopter_index_13.wav
helicopter,helicopter_index_14.wav
helicopter,helicopter_index_15.wav
helicopter,helicopter_index_16.wav
helicopter,helicopter_index_17.wav
helicopter,helicopter_index_18.wav
helicopter,helicopter_index_19.wav
helicopter,helicopter_index_20.wav
helicopter,helicopter_index_21.wav
helicopter,helicopter_index_22.wav
helicopter,helicopter_index_23.wav
helicopter,helicopter_index_24.wav
helicopter,helicopter_index_25.wav
helicopter,helicopter_index_26.wav
helicopter,helicopter_index_27.wav
helicopter,helicopter_index_28.wav
helicopter,helicopter_index_29.wav
helicopter,helicopter_index_30.wav
helicopter,helicopter_index_31.wav
helicopter,helicopter_index_32.wav
helicopter,helicopter_index_33.wav
helicopter,helicopter_index_34.wav
helicopter,helicopter_index_35.wav
helicopter,helicopter_index_36.wav
helicopter,helicopter_index_37.wav
helicopter,helicopter_index_38.wav
helicopter,helicopter_index_39.wav
helicopter,helicopter_index_40.wav
chainsaw,chainsaw_index_1.wav
chainsaw,chainsaw_index_2.wav
chainsaw,chainsaw_index_3.wav
chainsaw,chainsaw_index_4.wav
chainsaw,chainsaw_index_5.wav
chainsaw,chainsaw_index_6.wav
chainsaw,chainsaw_index_7.wav
chainsaw,chainsaw_index_8.wav
chainsaw,chainsaw_index_9.wav
chainsaw,chainsaw_index_10.wav
chainsaw,chainsaw_index_11.wav
chainsaw,chainsaw_index_12.wav
chainsaw,chainsaw_index_13.wav
chainsaw,chainsaw_index_14.wav
chainsaw,chainsaw_index_15.wav
chainsaw,chainsaw_index_16.wav
chainsaw,chainsaw_index_17.wav
chainsaw,chainsaw_index_18.wav
chainsaw,chainsaw_index_19.wav
chainsaw,chainsaw_index_20.wav
chainsaw,chainsaw_index_21.wav
chainsaw,chainsaw_index_22.wav
chainsaw,chainsaw_index_23.wav
chainsaw,chainsaw_index_24.wav
chainsaw,chainsaw_index_25.wav
chainsaw,chainsaw_index_26.wav
chainsaw,chainsaw_index_27.wav
chainsaw,chainsaw_index_28.wav
chainsaw,chainsaw_index_29.wav
chainsaw,chainsaw_index_30.wav
chainsaw,chainsaw_index_31.wav
chainsaw,chainsaw_index_32.wav
chainsaw,chainsaw_index_33.wav
chainsaw,chainsaw_index_34.wav
chainsaw,chainsaw_index_35.wav
chainsaw,chainsaw_index_36.wav
chainsaw,chainsaw_index_37.wav
chainsaw,chainsaw_index_38.wav
chainsaw,chainsaw_index_39.wav
chainsaw,chainsaw_index_40.wav
siren,siren_index_1.wav
siren,siren_index_2.wav
siren,siren_index_3.wav
siren,siren_index_4.wav
siren,siren_index_5.wav
siren,siren_index_6.wav
siren,siren_index_7.wav
siren,siren_index_8.wav
siren,siren_index_9.wav
siren,siren_index_10.wav
siren,siren_index_11.wav
siren,siren_index_12.wav
siren,siren_index_13.wav
siren,siren_index_14.wav
siren,siren_index_15.wav
siren,siren_index_16.wav
siren,siren_index_17.wav
siren,siren_index_18.wav
siren,siren_index_19.wav
siren,siren_index_20.wav
siren,siren_index_21.wav
siren,siren_index_22.wav
siren,siren_index_23.wav
siren,siren_index_24.wav
siren,siren_index_25.wav
siren,siren_index_26.wav
siren,siren_index_27.wav
siren,siren_index_28.wav
siren,siren_index_29.wav
siren,siren_index_30.wav
siren,siren_index_31.wav
siren,siren_index_32.wav
siren,siren_index_33.wav
siren,siren_index_34.wav
siren,siren_index_35.wav
siren,siren_index_36.wav
siren,siren_index_37.wav
siren,siren_index_38.wav
siren,siren_index_39.wav
siren,siren_index_40.wav
car_horn,car_horn_index_1.wav
car_horn,car_horn_index_2.wav
car_horn,car_horn_index_3.wav
car_horn,car_horn_index_4.wav
car_horn,car_horn_index_5.wav
car_horn,car_horn_index_6.wav
car_horn,car_horn_index_7.wav
car_horn,car_horn_index_8.wav
car_horn,car_horn_index_9.wav
car_horn,car_horn_index_10.wav
car_horn,car_horn_index_11.wav
car_horn,car_horn_index_12.wav
car_horn,car_horn_index_13.wav
car_horn,car_horn_index_14.wav
car_horn,car_horn_index_15.wav
car_horn,car_horn_index_16.wav
car_horn,car_horn_index_17.wav
car_horn,car_horn_index_18.wav
car_horn,car_horn_index_19.wav
car_horn,car_horn_index_20.wav
car_horn,car_horn_index_21.wav
car_horn,car_horn_index_22.wav
car_horn,car_horn_index_23.wav
car_horn,car_horn_index_24.wav
car_horn,car_horn_index_25.wav
car_horn,car_horn_index_26.wav
car_horn,car_horn_index_27.wav
car_horn,car_horn_index_28.wav
car_horn,car_horn_index_29.wav
car_horn,car_horn_index_30.wav
car_horn,car_horn_index_31.wav
car_horn,car_horn_index_32.wav
car_horn,car_horn_index_33.wav
car_horn,car_horn_index_34.wav
car_horn,car_horn_index_35.wav
car_horn,car_horn_index_36.wav
car_horn,car_horn_index_37.wav
car_horn,car_horn_index_38.wav
car_horn,car_horn_index_39.wav
car_horn,car_horn_index_40.wav
engine,engine_index_1.wav
engine,engine_index_2.wav
engine,engine_index_3.wav
engine,engine_index_4.wav
engine,engine_index_5.wav
engine,engine_index_6.wav
engine,engine_index_7.wav
engine,engine_index_8.wav
engine,engine_index_9.wav
engine,engine_index_10.wav
engine,engine_index_11.wav
engine,engine_index_12.wav
engine,engine_index_13.wav
engine,engine_index_14.wav
engine,engine_index_15.wav
engine,engine_index_16.wav
engine,engine_index_17.wav
engine,engine_index_18.wav
engine,engine_index_19.wav
engine,engine_index_20.wav
engine,engine_index_21.wav
engine,engine_index_22.wav
engine,engine_index_23.wav
engine,engine_index_24.wav
engine,engine_index_25.wav
engine,engine_index_26.wav
engine,engine_index_27.wav
engine,engine_index_28.wav
engine,engine_index_29.wav
engine,engine_index_30.wav
engine,engine_index_31.wav
engine,engine_index_32.wav
engine,engine_index_33.wav
engine,engine_index_34.wav
engine,engine_index_35.wav
engine,engine_index_36.wav
engine,engine_index_37.wav
engine,engine_index_38.wav
engine,engine_index_39.wav
engine,engine_index_40.wav
train,train_index_1.wav
train,train_index_2.wav
train,train_index_3.wav
train,train_index_4.wav
train,train_index_5.wav
train,train_index_6.wav
train,train_index_7.wav
train,train_index_8.wav
train,train_index_9.wav
train,train_index_10.wav
train,train_index_11.wav
train,train_index_12.wav
train,train_index_13.wav
train,train_index_14.wav
train,train_index_15.wav
train,train_index_16.wav
train,train_index_17.wav
train,train_index_18.wav
train,train_index_19.wav
train,train_index_20.wav
train,train_index_21.wav
train,train_index_22.wav
train,train_index_23.wav
train,train_index_24.wav
train,train_index_25.wav
train,train_index_26.wav
train,train_index_27.wav
train,train_index_28.wav
train,train_index_29.wav
train,train_index_30.wav
train,train_index_31.wav
train,train_index_32.wav
train,train_index_33.wav
train,train_index_34.wav
train,train_index_35.wav
train,train_index_36.wav
train,train_index_37.wav
train,train_index_38.wav
train,train_index_39.wav
train,train_index_40.wav
church_bells,church_bells_index_1.wav
church_bells,church_bells_index_2.wav
church_bells,church_bells_index_3.wav
church_bells,church_bells_index_4.wav
church_bells,church_bells_index_5.wav
church_bells,church_bells_index_6.wav
church_bells,church_bells_index_7.wav
church_bells,church_bells_index_8.wav
church_bells,church_bells_index_9.wav
church_bells,church_bells_index_10.wav
church_bells,church_bells_index_11.wav
church_bells,church_bells_index_12.wav
church_bells,church_bells_index_13.wav
church_bells,church_bells_index_14.wav
church_bells,church_bells_index_15.wav
church_bells,church_bells_index_16.wav
church_bells,church_bells_index_17.wav
church_bells,church_bells_index_18.wav
church_bells,church_bells_index_19.wav
church_bells,church_bells_index_20.wav
church_bells,church_bells_index_21.wav
church_bells,church_bells_index_22.wav
church_bells,church_bells_index_23.wav
church_bells,church_bells_index_24.wav
church_bells,church_bells_index_25.wav
church_bells,church_bells_index_26.wav
church_bells,church_bells_index_27.wav
church_bells,church_bells_index_28.wav
church_bells,church_bells_index_29.wav
church_bells,church_bells_index_30.wav
church_bells,church_bells_index_31.wav
church_bells,church_bells_index_32.wav
church_bells,church_bells_index_33.wav
church_bells,church_bells_index_34.wav
church_bells,church_bells_index_35.wav
church_bells,church_bells_index_36.wav
church_bells,church_bells_index_37.wav
church_bells,church_bells_index_38.wav
church_bells,church_bells_index_39.wav
church_bells,church_bells_index_40.wav
airplane,airplane_index_1.wav
airplane,airplane_index_2.wav
airplane,airplane_index_3.wav
airplane,airplane_index_4.wav
airplane,airplane_index_5.wav
airplane,airplane_index_6.wav
airplane,airplane_index_7.wav
airplane,airplane_index_8.wav
airplane,airplane_index_9.wav
airplane,airplane_index_10.wav
airplane,airplane_index_11.wav
airplane,airplane_index_12.wav
airplane,airplane_index_13.wav
airplane,airplane_index_14.wav
airplane,airplane_index_15.wav
airplane,airplane_index_16.wav
airplane,airplane_index_17.wav
airplane,airplane_index_18.wav
airplane,airplane_index_19.wav
airplane,airplane_index_20.wav
airplane,airplane_index_21.wav
airplane,airplane_index_22.wav
airplane,airplane_index_23.wav
airplane,airplane_index_24.wav
airplane,airplane_index_25.wav
airplane,airplane_index_26.wav
airplane,airplane_index_27.wav
airplane,airplane_index_28.wav
airplane,airplane_index_29.wav
airplane,airplane_index_30.wav
airplane,airplane_index_31.wav
airplane,airplane_index_32.wav
airplane,airplane_index_33.wav
airplane,airplane_index_34.wav
airplane,airplane_index_35.wav
airplane,airplane_index_36.wav
airplane,airplane_index_37.wav
airplane,airplane_index_38.wav
airplane,airplane_index_39.wav
airplane,airplane_index_40.wav
fireworks,fireworks_index_1.wav
fireworks,fireworks_index_2.wav
fireworks,fireworks_index_3.wav
fireworks,fireworks_index_4.wav
fireworks,fireworks_index_5.wav
fireworks,fireworks_index_6.wav
fireworks,fireworks_index_7.wav
fireworks,fireworks_index_8.wav
fireworks,fireworks_index_9.wav
fireworks,fireworks_index_10.wav
fireworks,fireworks_index_11.wav
fireworks,fireworks_index_12.wav
fireworks,fireworks_index_13.wav
fireworks,fireworks_index_14.wav
fireworks,fireworks_index_15.wav
fireworks,fireworks_index_16.wav
fireworks,fireworks_index_17.wav
fireworks,fireworks_index_18.wav
fireworks,fireworks_index_19.wav
fireworks,fireworks_index_20.wav
fireworks,fireworks_index_21.wav
fireworks,fireworks_index_22.wav
fireworks,fireworks_index_23.wav
fireworks,fireworks_index_24.wav
fireworks,fireworks_index_25.wav
fireworks,fireworks_index_26.wav
fireworks,fireworks_index_27.wav
fireworks,fireworks_index_28.wav
fireworks,fireworks_index_29.wav
fireworks,fireworks_index_30.wav
fireworks,fireworks_index_31.wav
fireworks,fireworks_index_32.wav
fireworks,fireworks_index_33.wav
fireworks,fireworks_index_34.wav
fireworks,fireworks_index_35.wav
fireworks,fireworks_index_36.wav
fireworks,fireworks_index_37.wav
fireworks,fireworks_index_38.wav
fireworks,fireworks_index_39.wav
fireworks,fireworks_index_40.wav
hand_saw,hand_saw_index_1.wav
hand_saw,hand_saw_index_2.wav
hand_saw,hand_saw_index_3.wav
hand_saw,hand_saw_index_4.wav
hand_saw,hand_saw_index_5.wav
hand_saw,hand_saw_index_6.wav
hand_saw,hand_saw_index_7.wav
hand_saw,hand_saw_index_8.wav
hand_saw,hand_saw_index_9.wav
hand_saw,hand_saw_index_10.wav
hand_saw,hand_saw_index_11.wav
hand_saw,hand_saw_index_12.wav
hand_saw,hand_saw_index_13.wav
hand_saw,hand_saw_index_14.wav
hand_saw,hand_saw_index_15.wav
hand_saw,hand_saw_index_16.wav
hand_saw,hand_saw_index_17.wav
hand_saw,hand_saw_index_18.wav
hand_saw,hand_saw_index_19.wav
hand_saw,hand_saw_index_20.wav
hand_saw,hand_saw_index_21.wav
hand_saw,hand_saw_index_22.wav
hand_saw,hand_saw_index_23.wav
hand_saw,hand_saw_index_24.wav
hand_saw,hand_saw_index_25.wav
hand_saw,hand_saw_index_26.wav
hand_saw,hand_saw_index_27.wav
hand_saw,hand_saw_index_28.wav
hand_saw,hand_saw_index_29.wav
hand_saw,hand_saw_index_30.wav
hand_saw,hand_saw_index_31.wav
hand_saw,hand_saw_index_32.wav
hand_saw,hand_saw_index_33.wav
hand_saw,hand_saw_index_34.wav
hand_saw,hand_saw_index_35.wav
hand_saw,hand_saw_index_36.wav
hand_saw,hand_saw_index_37.wav
hand_saw,hand_saw_index_38.wav
hand_saw,hand_saw_index_39.wav
hand_saw,hand_saw_index_40.wav
